relative_path,size,sha256,category
.gitattributes,8,705fd4d6451a31d36b3df7de96f83f30ac976c9b4a6d1e51671d8e2f33e2d0da,.gitattributes
experiments/sota_extension/SOTA_BASELINE_PROTOCOL.md,2045,68e87aa03bfb98df9b3a157c75deb7e6fde9951cceb227cb14428429c0a20e49,experiments
experiments/sota_extension/SOTA_BASELINE_PROVENANCE.md,1920,43d93e410708e8d3febe896a77151a416dc4a5c963516adad47435d910eda888,experiments
figures/figure_1/input/validation_trajectory.csv,2075,3902a523475c4ba13407dcbc993ff8bf9a6cb3e8cb2f59b46162d1e7b3834bc0,figures
figures/figure_2/input/protocol_parameter_response.csv,670,79244d0a3710a3d7e85d5e35a6ba89121ea33af4f93c5888542177325d4c51ae,figures
figures/figure_4/input/replication.csv,988,edacf5272b03859a4aa4d9c470f75e7139d70f3fded639efeb941d89a70393f7,figures
processed_records/arxiv/protocol_parameter_response.csv,670,79244d0a3710a3d7e85d5e35a6ba89121ea33af4f93c5888542177325d4c51ae,processed_records
processed_records/arxiv/reference_diagnostic_records.csv,6267,90758d3a298e22a3ac9c1784cb9e63fbca0cca57eb1896454c6201480673da84,processed_records
processed_records/arxiv/validation_trajectory.csv,2075,3902a523475c4ba13407dcbc993ff8bf9a6cb3e8cb2f59b46162d1e7b3834bc0,processed_records
processed_records/method_comparisons/weighting_methods.csv,4986,b119a5fe261ac614c1b89e5683a9aed67c68abdea9f14d2e097b0c3ad7315e8c,processed_records
processed_records/reddit/reference_diagnostic_records.csv,6262,a3c2e5ade7a547ea175b2387e444d9668de06eca326d5d25325b953820aa00cb,processed_records
processed_records/reddit/replication.csv,988,edacf5272b03859a4aa4d9c470f75e7139d70f3fded639efeb941d89a70393f7,processed_records
README.md,8023,e8e53e1a295e0b65b833a50cdb4c34d09268bfede87e5e467b1247688fce901f,README.md
REPRODUCIBILITY.md,6426,c33c4ad1e6cc7d1cc99f47c5668f0fd54ee9482d4ee8657dec0e6d778346e20a,REPRODUCIBILITY.md
results/sota_extension/aligned_mtl/checkpoint_rhat.csv,3715,4ebc39597a60edaf1cdbb3f670be2dabec498d8491bb4504f692868512a5b0cd,results
results/sota_extension/aligned_mtl/checkpoint_validation.csv,1734,2af4fcd9949bf1ca307f0a83bd895e6f6e8cf7dbe541717d32a4c1abecaff490,results
results/sota_extension/aligned_mtl/per_seed_auc.csv,164,112df02d957d61f0b68a94d577bd2f016728b70bd14cb6b06474d2282f89128b,results
results/sota_extension/diagnostic_overhead/DIAGNOSTIC_OVERHEAD_PROTOCOL.md,726,a25021cb36e6c11ef1a2e4f4d72c02bc3ccef4ccdaafe158f3648928e0ac572b,results
results/sota_extension/diagnostic_overhead/SUMMARY.json,371,2b8d0d585469c00ee4a04550f1267c44e6a1cff39ce64b832317f62de6f5ed01,results
results/sota_extension/direct_rhat/C6_checkpoint_level_rhat.csv,7966,190e83631f57b31850ca30362ddc12f55a67f7a9750b963dacc522697bd7eeaf,results
results/sota_extension/direct_rhat/C6_summary.json,759,5d296aadac378fae72121e8d8ebb4412e9480a25a530eca2d6e6ddc495c245db,results
results/sota_extension/direct_rhat/README.md,828,469527645739adfca790e0c093171d561d1fd679e10d0285f2e6603cb8ce04bd,results
results/sota_extension/famo/checkpoint_rhat.csv,4450,fefe3c255fe85fb8b042de0baf65bc2ff4973c464ac2af376760aa075641b732,results
results/sota_extension/famo/checkpoint_validation.csv,1590,660e8ecaf2d2291995d3626a2334d529e6fc80fe377f0e5007f2954262ed17b7,results
results/sota_extension/famo/per_seed_auc.csv,143,3abe4ee53afa2852288f94c312a5d1504831655a563d5c59d75ca73970ec8660,results
results/sota_extension/nash_failure/failure_provenance.csv,422,d114a666d9ba1a2156436529113480db2451d7d4e0dbbdc8d519e2b08c947664,results
results/sota_extension/nash_failure/NASH_FAILURE_README.md,1125,1e523a5a5cb4836297a6ad95a3e958adfdf3bc492b71c22fa45c73c6678216e2,results
results/sota_extension/overhead/OVERHEAD_BENCHMARK_PROTOCOL.md,832,5e654eb9e61f62fe7381c8e4d07cd3c6efc07156ceddfa8c4ca94e18436e0c1f,results
results/sota_extension/overhead/OVERHEAD_SUMMARY.csv,2084,af548ce6621b3872d06ff4bbbad3af9c48d60890dd46cf4dd9513271ac1a8566,results
results/sota_extension/overhead/README.md,427,a23cb4d9f02c3498b0b393e63c7000fd849c8747e9b9955bbc5c2e5ed25b84f2,results
results/sota_extension/README.md,1426,e4c6552024af2b6bbc81c3c9e1924da9ee21a18680c974a5a2574831f66f66f0,results
SOTA_REPOSITORY_SYNC_REPORT.md,4493,426b66ac2a60840e8fd0434c29d8cde8bfda2caf4530e140965ca4f8ace3f6a0,SOTA_REPOSITORY_SYNC_REPORT.md
