relative_path,size_bytes,sha256,category,source_provenance
.gitattributes,8,705fd4d6451a31d36b3df7de96f83f30ac976c9b4a6d1e51671d8e2f33e2d0da,release material,previous public release or R1 documentation/verification
code/common/__init__.py,56,112db42f43beb63c5b2ff4f70dbd46069bfc85b1f3dec6e93f4359602432bbba,source code,previous public release
code/common/records.py,1033,d4bb948db45eed9af3d426d79cbcfbaedf435de25c4440c0371ae29d861bced9,source code,previous public release
code/comparisons/__init__.py,43,b8d567a3f39c81a5f63af074528d4411690c8057c0fb70be2230d98a743e106b,source code,previous public release
code/comparisons/summarize_weighting_methods.py,2437,8152061c5dbb2473ed99813f016e5d371efe602b5c07a9306a3f67fcab9e5169,source code,previous public release
code/diagnostics/__init__.py,58,56725ac5264f6f8d9b7567ba9bea9cc126f15f70835c4ffa7cc514e64f3d0b52,source code,previous public release
code/diagnostics/bootstrap_reference_interval.py,2415,4ff099a533aed0fd98dd7877f0db720c5a550f1db140bdd277bb5aa32476b7b8,source code,previous public release
code/diagnostics/component_gradients.py,4649,88e34ff65617c5be9e68199263b987701a806e58361ea525c05e63d71f1f11d3,source code,previous public release
code/diagnostics/sampling.py,3674,893bf31be9e3a44b46dae4bfca70f0e8da6183306644ec716295b0883ec685a5,source code,previous public release
code/graphmae2/config_paths.py,2046,c5da805ba5e3ce5aa1dbf36084077978047d6f92b1d3e45c9bee8127cbe97d48,source code,previous public release
code/graphmae2/configs/ogbn-arxiv_upstream_default.yaml,475,81cd7d468fdb6127314bd0a8273ee1ccaf5b2b9d71cdffa78a4635b615abdeed,source code,previous public release
code/graphmae2/datasets/__init__.py,0,e3b0c44298fc1c149afbf4c8996fb92427ae41e4649b934ca495991b7852b855,source code,previous public release
code/graphmae2/datasets/data_proc.py,2541,d43cc47fb81e3d021dbaa15438b7a117054a5172855372f7fc4e17475671f88f,source code,previous public release
code/graphmae2/datasets/lc_sampler.py,6697,0aca1c668e93bd6842220396a216a098b10e29aa9b3eb416ddd1fac472fea2cb,source code,previous public release
code/graphmae2/datasets/localclustering.py,5953,9babba1e6c68cce549d5af992ff92ab5533871d15a470b6f44a3a97abb2a82f5,source code,previous public release
code/graphmae2/datasets/saint_sampler.py,12253,729cca3522d9927b65df00e8e6234ccf8f64140eddabe3332ee03c7eb4412a8e,source code,previous public release
code/graphmae2/main_large.py,10379,4eadbc8e50d7f27740ae04a0d9f7e90398e2c573e04d92d0532683a0a70565c7,source code,previous public release
code/graphmae2/models/__init__.py,1873,7f9b0881d944bb1fe09590f0f109ac4b7e4811355ba259e8a8de3e016cf8959a,source code,previous public release
code/graphmae2/models/edcoder.py,12639,c5999c4ca65d94e3c2af7a16ff43146054ca93e2943c76d672cd2a6db617acd4,source code,previous public release
code/graphmae2/models/finetune.py,14754,c908e7e5cbc2a0982e32c975520b91b9cb41ff63eecdd447d59d44a635984490,source code,previous public release
code/graphmae2/models/gat.py,12554,2e536f955793d4190bfae9ed4161bedab53928ed43d2012bbb9e5e126d0a4a3c,source code,previous public release
code/graphmae2/models/gcn.py,6153,55e3f0fac56ce78d7ed4856f83a3a84d61edde00be454f2db885b66ab992ac70,source code,previous public release
code/graphmae2/models/loss_func.py,5932,b71a86e278b039ea77a2943b3ead804bb222ad28e437c379a1c22dd02e30140e,source code,previous public release
code/graphmae2/utils.py,10868,83cc4cb513310bf4b13513c8fda771ba63f14b677e2e7232ded0fdace4a5b2bf,source code,previous public release
code/sota_extension/__init__.py,75,69f3c873e0a14114017ae98c42a9218ad8056b5888dafef812d4f7df4c709501,integration code,frozen formal adapter source; private runner binding removed
code/sota_extension/direct_rhat.py,703,7e4bffbf8c6a729697964465618d9a7eadba147178b6398801f98839f409e806,integration code,frozen formal adapter source; private runner binding removed
code/sota_extension/README.md,2236,6b341196a4383e177ec716695930593fe115b150e819e0f7683c2c8fbf34b2a6,integration code,frozen formal adapter source; private runner binding removed
code/sota_extension/sota_baseline_extension.py,16240,7475c46a5f6912639edfae76a3bfa495326902454e38fa5753d864b34f566d90,integration code,frozen formal adapter source; private runner binding removed
environment/environment.yml,264,2d9f0b5c5d89d2b7e7d4e828c725f15d7992e1626a1a0d2ced8c51c687f55e73,release material,previous public release or R1 documentation/verification
environment/requirements-analysis.txt,17,9eebce20a0961087e8eadc0a6324b3f487304863324d209ccceabc51aa1f55e5,release material,previous public release or R1 documentation/verification
environment/requirements-graphmae2.txt,65,beed1c2d0a315cfe0436d90e6ca2c0aa20790328b8d0c2b10b3f28857191790c,release material,previous public release or R1 documentation/verification
environment/requirements-optional.txt,241,5bb5e0b951454db67e05e04796cb19a38d3c856b7033004b5830af33539aeda5,release material,previous public release or R1 documentation/verification
environment/requirements.txt,59,0a023d9d7d2731b0e56e4ac9e6b1030f2c802c91e058606a1d19c3bb2172aa80,release material,previous public release or R1 documentation/verification
environment/VERSIONS.md,1130,5aee13508dd29878bcdf9f8658261b4879f43bb864579186908e3ce994859d7c,release material,previous public release or R1 documentation/verification
experiments/sota_extension/PREREGISTERED_HYPOTHESIS_ADJUDICATION.md,4095,b2ab15615a03242ab7cce4e0f039101e4149821dc097e83347dcea925701a794,protocol,frozen preregistration or post-result adjudication; public redaction only
experiments/sota_extension/SOTA_BASELINE_PREREGISTRATION.md,10202,764e65c9fc423c7473e35dd340573a64e71ee2967840ca624b3d83d611c56f44,protocol,frozen preregistration or post-result adjudication; public redaction only
experiments/sota_extension/SOTA_BASELINE_PROTOCOL.md,2045,68e87aa03bfb98df9b3a157c75deb7e6fde9951cceb227cb14428429c0a20e49,protocol,frozen preregistration or post-result adjudication; public redaction only
experiments/sota_extension/SOTA_BASELINE_PROVENANCE.md,1920,43d93e410708e8d3febe896a77151a416dc4a5c963516adad47435d910eda888,protocol,frozen preregistration or post-result adjudication; public redaction only
FIGURE_NUMBERING_AUDIT.md,1034,d7f6a26a183bb1b2756121185f673a33f74bcd1a04657fb21e9d40f85b215c83,release material,previous public release or R1 documentation/verification
figures/appendix_conflicts/appendix_conflicts_reference.pdf,16665,f1462cc1b3cfaf181dc8a824152a03fdade7a32ea907b96bdacd199fe298f077,figure,previous public release; figure numbers aligned to manuscript
figures/appendix_conflicts/input/pcgrad_conflict_histogram.csv,5037,d3c8330859b8b4911279e83e3a9c32fcb9b51eedb6e0cdebb7c8b1ce97fa1dd2,figure,previous public release; figure numbers aligned to manuscript
figures/appendix_conflicts/plot_pcgrad_conflicts.py,1844,200bad86217fe95d08e042af803fc9c5265cd788f3e5273cb0f97b590826126e,figure,previous public release; figure numbers aligned to manuscript
figures/appendix_conflicts/README.md,352,bae059243fb2bdc14c43ffe02a12e1aae705e1533434cef78050cfe9c5979489,figure,previous public release; figure numbers aligned to manuscript
figures/figure_1/figure_1_reference.pdf,18018,9a0f24f8fa784e215a8831c8a7089c0ec3003560706b64f04882baaf8df48fe2,figure,previous public release; figure numbers aligned to manuscript
figures/figure_1/input/validation_trajectory.csv,2075,3902a523475c4ba13407dcbc993ff8bf9a6cb3e8cb2f59b46162d1e7b3834bc0,figure,previous public release; figure numbers aligned to manuscript
figures/figure_1/plot_validation_trajectory.py,2418,00b8f786f5366ab8a22ac1550ba8167169798dbf937da498413fa910901093a7,figure,previous public release; figure numbers aligned to manuscript
figures/figure_1/README.md,297,a6b802e46190e373601051d2422990a5404415d50688eb517acbed83dd69b142,figure,previous public release; figure numbers aligned to manuscript
figures/figure_2/figure_2_reference.pdf,24754,0443d099c0f3ce28daf58120e0938ab55963ead54745af23da7bb64e1b4cfb7d,figure,previous public release; figure numbers aligned to manuscript
figures/figure_2/input/replication.csv,988,edacf5272b03859a4aa4d9c470f75e7139d70f3fded639efeb941d89a70393f7,figure,previous public release; figure numbers aligned to manuscript
figures/figure_2/plot_reddit_replication.py,2517,80e28587413020c3af7e67ca6d42b5566d72a7e0238b6951f688375d57e38997,figure,previous public release; figure numbers aligned to manuscript
figures/figure_2/README.md,286,0ea8149f5a76bd7ef3113fddc35a537359f8bdec480549fd6ab23561faf68f4a,figure,previous public release; figure numbers aligned to manuscript
figures/figure_3/figure_3_reference.pdf,33894,816ef96d0b4bf43c5e3a556ac5f01f9336342b6609d1d29af6dfb200f14d06bd,figure,previous public release; figure numbers aligned to manuscript
figures/figure_3/input/cross_dataset_dominance.csv,523,236c848cc37321caf49d0e87ac8a993134bb354509294c6ebd218cb2a09e820e,figure,previous public release; figure numbers aligned to manuscript
figures/figure_3/input/dominance_performance.csv,647,4a305f0a0e08431401416f8a5b562def83e6cfe5990ee5c40a46ae5cc5749fbd,figure,previous public release; figure numbers aligned to manuscript
figures/figure_3/plot_dominance_performance.py,5246,7bf8b2bc9cce28b97a3bd58a104e6fc9d5e1b95605c9c92250828a7098e7a039,figure,previous public release; figure numbers aligned to manuscript
figures/figure_3/README.md,287,71b637d949338c6865de7d8544e6ee9b1a8d850a86f3e3ac1b0ae1809e38b7ed,figure,previous public release; figure numbers aligned to manuscript
figures/figure_4/figure_4_reference.pdf,25789,17bc9e7b2d035316cef10a12e7fd7c542394234a17bd320179453e9b999170bf,figure,previous public release; figure numbers aligned to manuscript
figures/figure_4/input/protocol_parameter_response.csv,670,79244d0a3710a3d7e85d5e35a6ba89121ea33af4f93c5888542177325d4c51ae,figure,previous public release; figure numbers aligned to manuscript
figures/figure_4/plot_protocol_parameters.py,2334,900054e0a6655da015a2e7cd580503a28e965ee353e892f85e063fd1fcbf31ef,figure,previous public release; figure numbers aligned to manuscript
figures/figure_4/README.md,261,eee2f9ae8a4eee03ba1ac3e86c581ef047d5193cbcd8c880a322fddc5f78c25f,figure,previous public release; figure numbers aligned to manuscript
historical_release/README.md,519,cc730a070c116733dbafc43f356c88043bb45f8c6c2ac44f55e25824364a0cfb,release material,previous public release or R1 documentation/verification
historical_release/SOTA_REPOSITORY_SYNC_MANIFEST.csv,4221,103b638c0850b9f32d8a5499111c1106bc2702b13eabeacf1d598e04b6b35919,release material,previous public release or R1 documentation/verification
historical_release/SOTA_REPOSITORY_SYNC_REPORT.md,4493,426b66ac2a60840e8fd0434c29d8cde8bfda2caf4530e140965ca4f8ace3f6a0,release material,previous public release or R1 documentation/verification
LICENSE,1062,df13d2837f14f53449ae7339b84443c191d8e80cc4d88e0c4fca191960950551,release material,previous public release or R1 documentation/verification
LICENSE-AUTHORS,1068,9f1abe28a25b5f6f95c58a81a647de3fa72ff6388d228c59bddd079255709989,release material,previous public release or R1 documentation/verification
paper_records/ogbn-arxiv_execution_record.json,1428,43d3ec66b243e1237cdb0291e3ee908af5a91aa0a761994607e8681a62a17ee4,release material,previous public release or R1 documentation/verification
paper_records/README.md,680,d7370c81cee716a1758913d04405e2b3fbf90d2cdb4409df08ffe6facf317af0,release material,previous public release or R1 documentation/verification
paper_records/reddit_execution_record.json,1837,4b7a1d54298842cb648f4ce2b097e8c2de6b57563f45f2fd38ed89f4ad5d78d6,release material,previous public release or R1 documentation/verification
processed_records/arxiv/dominance_performance.csv,647,4a305f0a0e08431401416f8a5b562def83e6cfe5990ee5c40a46ae5cc5749fbd,processed record,previous public release; current comparison assembled from frozen records
processed_records/arxiv/protocol_parameter_response.csv,670,79244d0a3710a3d7e85d5e35a6ba89121ea33af4f93c5888542177325d4c51ae,processed record,previous public release; current comparison assembled from frozen records
processed_records/arxiv/reference_diagnostic_records.csv,6267,90758d3a298e22a3ac9c1784cb9e63fbca0cca57eb1896454c6201480673da84,processed record,previous public release; current comparison assembled from frozen records
processed_records/arxiv/reference_summary.csv,269,860be40a92ad1e3935ce0e9cc938a312f945ec585f1d6d72d2175705059de1ea,processed record,previous public release; current comparison assembled from frozen records
processed_records/arxiv/validation_trajectory.csv,2075,3902a523475c4ba13407dcbc993ff8bf9a6cb3e8cb2f59b46162d1e7b3834bc0,processed record,previous public release; current comparison assembled from frozen records
processed_records/method_comparisons/cross_dataset_dominance.csv,523,236c848cc37321caf49d0e87ac8a993134bb354509294c6ebd218cb2a09e820e,processed record,previous public release; current comparison assembled from frozen records
processed_records/method_comparisons/pcgrad_conflict_histogram.csv,5037,d3c8330859b8b4911279e83e3a9c32fcb9b51eedb6e0cdebb7c8b1ce97fa1dd2,processed record,previous public release; current comparison assembled from frozen records
processed_records/method_comparisons/weighting_methods.csv,4986,b119a5fe261ac614c1b89e5683a9aed67c68abdea9f14d2e097b0c3ad7315e8c,processed record,previous public release; current comparison assembled from frozen records
processed_records/method_comparisons/weighting_methods_current.csv,2190,f5ae72d5f696b6105a70713b4b32bf217e5c0660ffaa9e2e1a2f26d5b9803a7c,processed record,previous public release; current comparison assembled from frozen records
processed_records/reddit/reference_diagnostic_records.csv,6262,a3c2e5ade7a547ea175b2387e444d9668de06eca326d5d25325b953820aa00cb,processed record,previous public release; current comparison assembled from frozen records
processed_records/reddit/reference_summary.csv,270,bdbc2cf0116c8a34c4c695922f5c9b11e813a2a287305a10d42f0a49ead15742,processed record,previous public release; current comparison assembled from frozen records
processed_records/reddit/replication.csv,988,edacf5272b03859a4aa4d9c470f75e7139d70f3fded639efeb941d89a70393f7,processed record,previous public release; current comparison assembled from frozen records
processed_records/sampling_design.json,1589,4f42262dec9fec0b14e6bb1ed19eb569f77274338dd08d8080cadb5dca67772e,processed record,previous public release; current comparison assembled from frozen records
processed_records/small_graphs/boundary_summary.csv,580,5475cf25cbcc66560e677a8ff640c5b172f16cf480a665d81e5a77bb84cf144e,processed record,previous public release; current comparison assembled from frozen records
protocols/decision_rules.md,848,a5a6c49e30c67571ab843a1795f1329642ed0edeec4f0659681a00978f4d2c4b,release material,previous public release or R1 documentation/verification
protocols/measurement_rules.md,2498,42a0ffa1c360343f54ec25ec322e6b477cb72261fe9cec36dd9ea23b3221f524,release material,previous public release or R1 documentation/verification
README.md,8843,748345e38288ece8ab0f8215b14f119c732480c9fb6f5f9aaebb08e6ad08bdf3,release material,previous public release or R1 documentation/verification
REPRODUCIBILITY.md,7366,1d729899dd238792479892f318bcfd52cea853c45735e3692b05cd13125fe5e9,release material,previous public release or R1 documentation/verification
results/sota_extension/aligned_mtl/checkpoint_rhat.csv,3715,4ebc39597a60edaf1cdbb3f670be2dabec498d8491bb4504f692868512a5b0cd,processed result,frozen SOTA closeout evidence or previous public release
results/sota_extension/aligned_mtl/checkpoint_validation.csv,1734,2af4fcd9949bf1ca307f0a83bd895e6f6e8cf7dbe541717d32a4c1abecaff490,processed result,frozen SOTA closeout evidence or previous public release
results/sota_extension/aligned_mtl/per_seed_auc.csv,164,112df02d957d61f0b68a94d577bd2f016728b70bd14cb6b06474d2282f89128b,processed result,frozen SOTA closeout evidence or previous public release
results/sota_extension/diagnostic_overhead/DIAGNOSTIC_OVERHEAD_PROTOCOL.md,874,459ec13457d506b2d21b38814d4ab0ea4d141579f8bf84bc5875be75357a26aa,processed result,frozen SOTA closeout evidence or previous public release
results/sota_extension/diagnostic_overhead/SUMMARY.json,371,2b8d0d585469c00ee4a04550f1267c44e6a1cff39ce64b832317f62de6f5ed01,processed result,frozen SOTA closeout evidence or previous public release
results/sota_extension/direct_rhat/C6_checkpoint_level_rhat.csv,7966,190e83631f57b31850ca30362ddc12f55a67f7a9750b963dacc522697bd7eeaf,processed result,frozen SOTA closeout evidence or previous public release
results/sota_extension/direct_rhat/C6_summary.json,759,5d296aadac378fae72121e8d8ebb4412e9480a25a530eca2d6e6ddc495c245db,processed result,frozen SOTA closeout evidence or previous public release
results/sota_extension/direct_rhat/README.md,828,469527645739adfca790e0c093171d561d1fd679e10d0285f2e6603cb8ce04bd,processed result,frozen SOTA closeout evidence or previous public release
results/sota_extension/famo/checkpoint_rhat.csv,4450,fefe3c255fe85fb8b042de0baf65bc2ff4973c464ac2af376760aa075641b732,processed result,frozen SOTA closeout evidence or previous public release
results/sota_extension/famo/checkpoint_validation.csv,1590,660e8ecaf2d2291995d3626a2334d529e6fc80fe377f0e5007f2954262ed17b7,processed result,frozen SOTA closeout evidence or previous public release
results/sota_extension/famo/per_seed_auc.csv,143,3abe4ee53afa2852288f94c312a5d1504831655a563d5c59d75ca73970ec8660,processed result,frozen SOTA closeout evidence or previous public release
results/sota_extension/matched_seed_differences.csv,2933,d486b9676f81f692bacd299fab8fd09622ee9344f415ac373f7660aacc5a9360,processed result,frozen SOTA closeout evidence or previous public release
results/sota_extension/nash_failure/failure_provenance.csv,422,d114a666d9ba1a2156436529113480db2451d7d4e0dbbdc8d519e2b08c947664,processed result,frozen SOTA closeout evidence or previous public release
results/sota_extension/nash_failure/NASH_FAILURE_README.md,1125,1e523a5a5cb4836297a6ad95a3e958adfdf3bc492b71c22fa45c73c6678216e2,processed result,frozen SOTA closeout evidence or previous public release
results/sota_extension/overhead/OVERHEAD_BENCHMARK_PROTOCOL.md,832,5e654eb9e61f62fe7381c8e4d07cd3c6efc07156ceddfa8c4ca94e18436e0c1f,processed result,frozen SOTA closeout evidence or previous public release
results/sota_extension/overhead/OVERHEAD_COMPLETED_METHODS.csv,1151,81a24e2e266962913c84b484de1be39788693be3418d991c85dac4724973ca25,processed result,frozen SOTA closeout evidence or previous public release
results/sota_extension/overhead/OVERHEAD_SUMMARY.csv,2084,af548ce6621b3872d06ff4bbbad3af9c48d60890dd46cf4dd9513271ac1a8566,processed result,frozen SOTA closeout evidence or previous public release
results/sota_extension/overhead/README.md,801,f3a19656a596f53a5837095c33ec7a47de85080593f6fc013a66c2af55455582,processed result,frozen SOTA closeout evidence or previous public release
results/sota_extension/README.md,1524,3b4c6ff857d1ec91106742cb75c05f23df047d1f5991b492e83961524e612296,processed result,frozen SOTA closeout evidence or previous public release
tables/assemble_current_method_record.py,4577,cb984e6234d86aca01e6fa82187ab7785715cb2c30f7e847647f0d0382f80cef,table,deterministic generation from released processed records
tables/generate_summary_tables.py,3901,ca8cb63a1fa0770472afc110def6514febc5c5458c6c574e45e2f08e34f87470,table,deterministic generation from released processed records
tables/generated/sampling_design_summary.csv,335,8c741892123dda79c3120578210a0cc3f2de0a3b62237f4bcbaecf3e7213823b,table,deterministic generation from released processed records
tables/generated/weighting_method_summary.csv,872,bd1962b1ae8efe9682bc45e31f11ebb39612afac0855f3e87dd5a00f89c80b2b,table,deterministic generation from released processed records
tables/generated/weighting_method_summary_current.csv,2190,f5ae72d5f696b6105a70713b4b32bf217e5c0660ffaa9e2e1a2f26d5b9803a7c,table,deterministic generation from released processed records
tests/audit_public_clis.py,2149,fcb537870858f652eb3e7eadb49127cd86470ab4d5b0f0a08053b5f32098ace1,release material,previous public release or R1 documentation/verification
tests/build_release_zip.py,1639,25ed1181061073f2c07a39f88a61ffa93df11310fe49aea603f8bc5fe025c4a1,release material,previous public release or R1 documentation/verification
tests/generate_manifest.py,1259,a7f28265939df2f77318466462b6d33e6ccfa19cac61461895fbf6026ad6a245,release material,previous public release or R1 documentation/verification
tests/generate_sync_manifest.py,2427,effde5cd02a99f66d5e72db9b26ee148ebffbdd9b2f57e9ca9c6eb3b699a081f,release material,previous public release or R1 documentation/verification
tests/test_r1_release.py,11801,0af2f795574030edea7c153b165063e7216814caf3c3476660c1a21fd96d4563,release material,previous public release or R1 documentation/verification
tests/verify_release.py,14514,9f7d528002e1d2ea18783ef2ddb65bb1c154071e69f675f7bd4ce98feba99132,release material,previous public release or R1 documentation/verification
THIRD_PARTY_NOTICES.md,1547,aad58cb5a3a7e0b3cb2dbafdcf658a7086323e4d9a75ce1d47366ceda5a1ef9b,release material,previous public release or R1 documentation/verification
