"dataset","checkpoint_role","checkpoint_global_update","degree_stratum","diagnostic_batch_index","dominance_ratio","reconstruction_gradient_norm","weighted_latent_gradient_norm","median_root_in_degree","schedule_position","batch_hash"
"reddit","update_5755","5755","0","0","14.199962981296819","0.0016199867844203368","0.023003752368958852","161.0","1224","154fbacb558b6bd4bb6b5d2a19cf41ba69f89529637b408a5f908c3fc3383b7b"
"reddit","update_5755","5755","0","1","16.13967106588412","0.0012875459794425468","0.0207805685904043","187.5","970","4ad14a21695c33759e8503d20b81ed1f1190d8ef2d44c9b690427fd6a153937f"
"reddit","update_5755","5755","0","2","12.770580387468618","0.0019257460880031073","0.024592895222696896","157.5","1030","dad6d99fa90b0272840e43511fc164932a4f8b6db1d8eedfcb5470f2d509e7c2"
"reddit","update_5755","5755","0","3","17.296971537608467","0.0011101470467341998","0.01920218186992155","193.5","1965","e6b1fd12f015bf6080fcb510763da32874dccb9825db0b98dc29c39e3d848b9d"
"reddit","update_5755","5755","1","4","13.598612027998518","0.0013010874220335947","0.017692983066743627","204.0","199","29ff7186e0708c6fc7255eb5801e7d5152d4cbb01af800a5689c884c6bf7f18f"
"reddit","update_5755","5755","1","5","11.804072913104255","0.0019296370801737907","0.022777576790201027","213.0","45","4c94bf73584b9e346f985d26fc7fee5632cfe4a9c35a7b60c642e833d847b798"
"reddit","update_5755","5755","1","6","7.053658018707219","0.002351977641758463","0.01659004595260968","217.0","1370","6dff493e4277b84ff6a98dfa1eb9fb6236454d6b62a1f1b6f761454c9a2bae9b"
"reddit","update_5755","5755","1","7","15.119837447976108","0.0011622757779324703","0.017573420832058928","219.5","2375","9f05defe1642aa991ca536cf8d95c79fd64ae88929e9d912cf254b9e8b99413d"
"reddit","update_5755","5755","2","8","19.886375379266948","0.0007930445100235165","0.01577078081879448","253.5","1838","affc0e2e327a43cdd11f34bb821a63f176eb53aa10b755ff57ddd4d7642ffc64"
"reddit","update_5755","5755","2","9","17.277138434024415","0.0010392227832935548","0.017954795890754903","240.5","34","dbb651f6d942150e1e0d4f2824e19ad6bbb9d07dd44c9e90c278036764664407"
"reddit","update_5755","5755","2","10","14.813849122281322","0.0016458787947107925","0.024381800138407916","240.0","1600","ebd72d16e72f9b815607fad988572f54e75a7e9e55b7e30ea115daaff1216df8"
"reddit","update_5755","5755","2","11","10.921392537631245","0.0016207933535543812","0.01770132043655114","240.5","208","f550df1778c3a3faf3230ff2b943a0863e6a7d20ad2f6288da2e4338b18ea071"
"reddit","update_5755","5755","3","12","16.300548444228212","0.001115116792142364","0.018177015291288966","412.0","1543","725aeb43ad13d1b388b87fe385234eb9d22635bb699316594ac5aef37e1178f5"
"reddit","update_5755","5755","3","13","16.11333680828671","0.0013549916926857328","0.021833437516675734","292.0","1847","782fa35e42081598cc308626dcb51a13f0ceabc985fc5851e9528824e1a99367"
"reddit","update_5755","5755","3","14","9.682006780366562","0.0023378910178961268","0.022635476687028384","296.5","773","9a9e8128127dba5cda475f0b152bfc232018a3392d5d57a548042d9c9eedda7b"
"reddit","update_5755","5755","3","15","3.455585028675631","0.005735748908193298","0.019820368055395356","277.5","2067","df464847e738bd98ef7b5f64f38501bfc26007cc78b574181df440bc5125f1b4"
"reddit","update_14388","14388","0","0","19.06828290082501","0.004347927553954091","0.0829075126310887","161.0","1224","154fbacb558b6bd4bb6b5d2a19cf41ba69f89529637b408a5f908c3fc3383b7b"
"reddit","update_14388","14388","0","1","11.221154232619163","0.004998113270174783","0.05608459987673177","187.5","970","4ad14a21695c33759e8503d20b81ed1f1190d8ef2d44c9b690427fd6a153937f"
"reddit","update_14388","14388","0","2","10.923413785580454","0.006008288389473098","0.06563102022131342","157.5","1030","dad6d99fa90b0272840e43511fc164932a4f8b6db1d8eedfcb5470f2d509e7c2"
"reddit","update_14388","14388","0","3","14.907315377826993","0.00376471282109791","0.056121761331055314","193.5","1965","e6b1fd12f015bf6080fcb510763da32874dccb9825db0b98dc29c39e3d848b9d"
"reddit","update_14388","14388","1","4","12.19051339320491","0.004229129673739086","0.05155526192931664","204.0","199","29ff7186e0708c6fc7255eb5801e7d5152d4cbb01af800a5689c884c6bf7f18f"
"reddit","update_14388","14388","1","5","11.421695921408178","0.005845142481522953","0.06676144004126039","213.0","45","4c94bf73584b9e346f985d26fc7fee5632cfe4a9c35a7b60c642e833d847b798"
"reddit","update_14388","14388","1","6","6.415198456537509","0.007889912444180363","0.05061535413412195","217.0","1370","6dff493e4277b84ff6a98dfa1eb9fb6236454d6b62a1f1b6f761454c9a2bae9b"
"reddit","update_14388","14388","1","7","11.986005354487306","0.004211701553706089","0.050481477374223684","219.5","2375","9f05defe1642aa991ca536cf8d95c79fd64ae88929e9d912cf254b9e8b99413d"
"reddit","update_14388","14388","2","8","11.357238321581725","0.003755458232593473","0.04265163415431017","253.5","1838","affc0e2e327a43cdd11f34bb821a63f176eb53aa10b755ff57ddd4d7642ffc64"
"reddit","update_14388","14388","2","9","16.150740367650492","0.0028760356821271186","0.04645010559013367","240.5","34","dbb651f6d942150e1e0d4f2824e19ad6bbb9d07dd44c9e90c278036764664407"
"reddit","update_14388","14388","2","10","11.504909322521327","0.006341017659543561","0.07295283318555508","240.0","1600","ebd72d16e72f9b815607fad988572f54e75a7e9e55b7e30ea115daaff1216df8"
"reddit","update_14388","14388","2","11","9.82895846103119","0.005036516864926838","0.04950371505364893","240.5","208","f550df1778c3a3faf3230ff2b943a0863e6a7d20ad2f6288da2e4338b18ea071"
"reddit","update_14388","14388","3","12","12.86822055163516","0.004298734475379845","0.05531706332210551","412.0","1543","725aeb43ad13d1b388b87fe385234eb9d22635bb699316594ac5aef37e1178f5"
"reddit","update_14388","14388","3","13","12.48127187132232","0.00483490542107006","0.06034576903250555","292.0","1847","782fa35e42081598cc308626dcb51a13f0ceabc985fc5851e9528824e1a99367"
"reddit","update_14388","14388","3","14","13.49314752148854","0.005095376315528707","0.06875266430292758","296.5","773","9a9e8128127dba5cda475f0b152bfc232018a3392d5d57a548042d9c9eedda7b"
"reddit","update_14388","14388","3","15","3.1634423821250284","0.015971746429302464","0.050525699571009504","277.5","2067","df464847e738bd98ef7b5f64f38501bfc26007cc78b574181df440bc5125f1b4"
