"panel","evidence_scope","pretraining_seed","coefficient","validation_auc"
"A","exploratory_seed_1","1","0.5","0.9434521392643254"
"A","exploratory_seed_1","1","0.79","0.9418599258018865"
"A","exploratory_seed_1","1","1.0","0.942536778194654"
"A","exploratory_seed_1","1","10.0","0.941379646939595"
"A","exploratory_seed_1","1","20.0","0.9386342074991042"
"B","matched_seed","1","0.5","0.9434521392643254"
"B","matched_seed","1","10.0","0.941379646939595"
"B","matched_seed","1","20.0","0.9386342074991042"
"B","matched_seed","2","0.5","0.9418731786842667"
"B","matched_seed","2","10.0","0.9408854392919808"
"B","matched_seed","2","20.0","0.9371305875490014"
"B","matched_seed","3","0.5","0.9445804572873283"
"B","matched_seed","3","10.0","0.9410043555439431"
"B","matched_seed","3","20.0","0.940108361267365"
"B","three_seed_mean","","0.5","0.9433019250786402"
"B","three_seed_mean","","10.0","0.941089813925173"
"B","three_seed_mean","","20.0","0.9386243854384902"
