method,weighting_strategy,seed0_auc,seed1_auc,seed2_auc,validation_auc_mean,validation_auc_sample_sd,controlled_mean_ms_per_step,peak_allocated_gpu_gib,peak_reserved_gpu_gib,result_provenance
CoV-Weighting,dynamic,0.7116959271758416,0.7109299834178108,0.7121249243742407,0.7115836116559644,0.0006053363150698822,236.88540353352437,3.449369430541992,9.078125,historical released per-seed method record
Equal lambda=1,static,0.710869325865142,0.7109435324322751,0.7121736347796787,0.7113288310256985,0.0007325617316687622,220.82395725660413,3.4475784301757812,9.076171875,historical released per-seed method record
GradNorm,dynamic,0.709524729854613,0.711102426586553,0.7112049541933909,0.7106107035448523,0.000941876913115475,238.8120777529548,3.449371337890625,9.076171875,historical released per-seed method record
Ours lambda=0.3,diagnostic-derived static,0.7102117532877995,0.7106727216491738,0.7103066963369217,0.7103970570912983,0.0002434065672813137,209.9162473870092,3.4475784301757812,9.076171875,historical released per-seed method record
FAMO,dynamic loss weighting,0.7101223046703018,0.7096556406309135,0.7110648488882597,0.7102809313964916,0.0007178710238193901,298.0344602332722,3.4475808143615723,9.076171875,frozen matched-seed SOTA adjudication; released per-seed AUC
Uncertainty Weighting,dynamic,0.7102634432203181,0.7093716968325955,0.7099106238582155,0.7098485879703763,0.00044909825599646685,221.72003694344312,3.447580337524414,9.076171875,historical released per-seed method record
Aligned-MTL,dynamic gradient alignment,0.7088306600965042,0.7076088871885865,0.7079225404916313,0.708120695925574,0.0006345324590839963,266.93255814015475,3.4490747451782227,9.080078125,frozen matched-seed SOTA adjudication; released per-seed AUC
PCGrad@lambda=10,gradient surgery,0.705143113776575,0.7051102302516129,0.7045775168770962,0.7049436203017614,0.00031748089661764366,281.1545808527444,3.4480109214782715,9.08203125,historical released per-seed method record
Original lambda=10,static,0.7031058182392261,0.7043561978486697,0.706161554220949,0.7045411901029482,0.0015362445111720287,208.5575586671378,3.4475502967834473,9.060546875,historical released per-seed method record
