method,status,warmup_steps,measured_steps_completed,total_time_seconds,mean_ms_per_step,median_ms_per_step,p95_ms_per_step,peak_allocated_gib,peak_reserved_gib,gpu_id,notes
ORIGINAL_STATIC_LAMBDA_10,COMPLETE,50,300,62.56726760014135,208.5575586671378,208.31611850007903,215.47661400109064,3.4475502967834473,9.060546875,cuda:0,frozen implementation; same seed-0 schedule
LABEL_FREE_CALIBRATED_STATIC_LAMBDA_0P3,COMPLETE,50,300,62.97487421610276,209.9162473870092,209.3965859967284,216.2807300046552,3.4475784301757812,9.076171875,cuda:0,frozen implementation; same seed-0 schedule
EQUAL_STATIC_LAMBDA_1,COMPLETE,50,300,66.24718717698124,220.82395725660413,220.28684050019365,229.0610779891722,3.4475784301757812,9.076171875,cuda:0,frozen implementation; same seed-0 schedule
GRADNORM_ADAPTED,COMPLETE,50,300,71.64362332588644,238.8120777529548,237.7299219951965,247.16515401087236,3.449371337890625,9.076171875,cuda:0,frozen implementation; same seed-0 schedule
UNCERTAINTY_WEIGHTING_ADAPTED,COMPLETE,50,300,66.51601108303294,221.72003694344312,221.74994899978628,228.8637129968265,3.447580337524414,9.076171875,cuda:0,frozen implementation; same seed-0 schedule
COV_WEIGHTING_ADAPTED,COMPLETE,50,300,71.06562106005731,236.88540353352437,236.4667264992022,245.0486759917112,3.449369430541992,9.078125,cuda:0,frozen implementation; same seed-0 schedule
PCGRAD_ADAPTED,COMPLETE,50,300,84.34637425582332,281.1545808527444,280.83794099802617,291.4916040026583,3.4480109214782715,9.08203125,cuda:0,frozen implementation; same seed-0 schedule
ALIGNED_MTL,COMPLETE,50,300,80.07976744204643,266.93255814015475,266.508196000359,273.45614398655016,3.4490747451782227,9.080078125,cuda:0,frozen implementation; same seed-0 schedule
NASH_MTL,COMPLETE,50,300,103.91256971599068,346.3752323866356,345.21730949927587,356.1181260010926,3.4476771354675293,9.078125,cuda:0,frozen implementation; same seed-0 schedule
FAMO,COMPLETE,50,300,89.41033806998166,298.0344602332722,297.2059895109851,305.4783609986771,3.4475808143615723,9.076171875,cuda:0,frozen implementation; same seed-0 schedule
