method,mean_ms_per_step,median_ms_per_step,p95_ms_per_step,peak_allocated_gib,peak_reserved_gib,benchmark_status
ORIGINAL_STATIC_LAMBDA_10,208.5575586671378,208.31611850007903,215.47661400109064,3.4475502967834473,9.060546875,COMPLETE
LABEL_FREE_CALIBRATED_STATIC_LAMBDA_0P3,209.9162473870092,209.3965859967284,216.2807300046552,3.4475784301757812,9.076171875,COMPLETE
EQUAL_STATIC_LAMBDA_1,220.82395725660413,220.28684050019365,229.0610779891722,3.4475784301757812,9.076171875,COMPLETE
GRADNORM_ADAPTED,238.8120777529548,237.7299219951965,247.16515401087236,3.449371337890625,9.076171875,COMPLETE
UNCERTAINTY_WEIGHTING_ADAPTED,221.72003694344312,221.74994899978628,228.8637129968265,3.447580337524414,9.076171875,COMPLETE
COV_WEIGHTING_ADAPTED,236.88540353352437,236.4667264992022,245.0486759917112,3.449369430541992,9.078125,COMPLETE
PCGRAD_ADAPTED,281.1545808527444,280.83794099802617,291.4916040026583,3.4480109214782715,9.08203125,COMPLETE
ALIGNED_MTL,266.93255814015475,266.508196000359,273.45614398655016,3.4490747451782227,9.080078125,COMPLETE
FAMO,298.0344602332722,297.2059895109851,305.4783609986771,3.4475808143615723,9.076171875,COMPLETE
