method,seed,checkpoint_role,update,raw_row_1,raw_row_2,raw_row_3,checkpoint_median_rhat,effective_rec_weight,effective_lat_weight,effective_relative_weight,weight_update_index,measurement_semantics
ALIGNED_MTL,0,update250,250,2.9049095096126716,2.127939210282491,3.5018447798071985,2.9049095096126716,1.0,1.0,1.0,250,pre-transformation representation-level dominance
ALIGNED_MTL,0,epoch1,711,3.2462087775098794,1.983690044819381,4.533761609238554,3.2462087775098794,1.0,1.0,1.0,711,pre-transformation representation-level dominance
ALIGNED_MTL,0,epoch2,1422,3.3702088777569656,2.1301741187759533,4.9456041686779155,3.3702088777569656,1.0,1.0,1.0,1422,pre-transformation representation-level dominance
ALIGNED_MTL,0,epoch3,2133,2.9546548864214457,2.226811010742145,4.049662770573571,2.9546548864214457,1.0,1.0,1.0,2133,pre-transformation representation-level dominance
ALIGNED_MTL,0,epoch5,3555,2.918156012328566,2.4860981086598875,5.076377979284199,2.918156012328566,1.0,1.0,1.0,3555,pre-transformation representation-level dominance
ALIGNED_MTL,0,epoch8,5688,3.579966452612266,2.118180606216533,3.9091995234547916,3.579966452612266,1.0,1.0,1.0,5688,pre-transformation representation-level dominance
ALIGNED_MTL,0,epoch12,8532,2.984638484997224,2.8485224753723566,4.579396989673209,2.984638484997224,1.0,1.0,1.0,8532,pre-transformation representation-level dominance
ALIGNED_MTL,1,update250,250,3.540281944824492,3.691574610162016,3.7059354708999535,3.691574610162016,1.0,1.0,1.0,250,pre-transformation representation-level dominance
ALIGNED_MTL,1,epoch1,711,3.7528046802339503,4.200906772611073,3.4773033164395093,3.7528046802339503,1.0,1.0,1.0,711,pre-transformation representation-level dominance
ALIGNED_MTL,1,epoch2,1422,4.968008835351332,4.459699420001927,4.468842981007715,4.468842981007715,1.0,1.0,1.0,1422,pre-transformation representation-level dominance
ALIGNED_MTL,1,epoch3,2133,5.183837786084731,5.344082204867362,4.82947742633777,5.183837786084731,1.0,1.0,1.0,2133,pre-transformation representation-level dominance
ALIGNED_MTL,1,epoch5,3555,6.556030369459918,5.659866598959589,6.953480904057547,6.556030369459918,1.0,1.0,1.0,3555,pre-transformation representation-level dominance
ALIGNED_MTL,1,epoch8,5688,6.526154269700087,5.906499952483933,5.826498619939893,5.906499952483933,1.0,1.0,1.0,5688,pre-transformation representation-level dominance
ALIGNED_MTL,1,epoch12,8532,3.484643578456061,4.107057442234641,5.387137514582206,4.107057442234641,1.0,1.0,1.0,8532,pre-transformation representation-level dominance
ALIGNED_MTL,2,update250,250,1.3044872070820372,1.6412577550413194,2.560662957198946,1.6412577550413194,1.0,1.0,1.0,250,pre-transformation representation-level dominance
ALIGNED_MTL,2,epoch1,711,2.602600935804323,1.6242933011360472,2.446651821281645,2.446651821281645,1.0,1.0,1.0,711,pre-transformation representation-level dominance
ALIGNED_MTL,2,epoch2,1422,2.1347451880067996,2.1332539679719034,3.224893429101498,2.1347451880067996,1.0,1.0,1.0,1422,pre-transformation representation-level dominance
ALIGNED_MTL,2,epoch3,2133,2.47905514178964,1.9610426144594735,3.2145227767325024,2.47905514178964,1.0,1.0,1.0,2133,pre-transformation representation-level dominance
ALIGNED_MTL,2,epoch5,3555,4.301334758492088,2.685047669972807,4.365883401566593,4.301334758492088,1.0,1.0,1.0,3555,pre-transformation representation-level dominance
ALIGNED_MTL,2,epoch8,5688,2.9507731026413038,2.1039560312477645,3.372060469021438,2.9507731026413038,1.0,1.0,1.0,5688,pre-transformation representation-level dominance
ALIGNED_MTL,2,epoch12,8532,2.9692322257899644,2.164118229985294,3.5550424450558067,2.9692322257899644,1.0,1.0,1.0,8532,pre-transformation representation-level dominance
